MaSchemeTitle,MaScheme
OMA,0
OMA,0
OMA,0
OMA,0
OMA,0
OMA,0
OMA,0
OMA,0
OMA,0
OMA,0
OMA,0
OMA,0
OMA,0
OMA,0
OMA,0
OMA,0
OMA,0
OMA,0
OMA,0
OMA,0
OMA,0
OMA,0
OMA,0
OMA,0
OMA,0
OMA,0
OMA,0
OMA,0
OMA,0
OMA,0
OMA,0
OMA,0
OMA,0
OMA,0
OMA,0
OMA,0
OMA,0
OMA,0
OMA,0
OMA,0
OMA,0
OMA,0
OMA,0
OMA,0
OMA,0
OMA,0
OMA,0
OMA,0
OMA,0
OMA,0
OMA,0
OMA,0
OMA,0
OMA,0
OMA,0
OMA,0
OMA,0
OMA,0
OMA,0
OMA,0
OMA,0
OMA,0
OMA,0
OMA,0
OMA,0
OMA,0
OMA,0
OMA,0
OMA,0
OMA,0
OMA,0
OMA,0
OMA,0
OMA,0
OMA,0
OMA,0
OMA,0
OMA,0
OMA,0
OMA,0
OMA,0
OMA,0
OMA,0
OMA,0
OMA,0
OMA,0
OMA,0
OMA,0
OMA,0
OMA,0
OMA,0
OMA,0
OMA,0
OMA,0
OMA,0
OMA,0
OMA,0
OMA,0
OMA,0
OMA,0
OMA,0
OMA,0
OMA,0
OMA,0
OMA,0
OMA,0
OMA,0
OMA,0
OMA,0
OMA,0
OMA,0
OMA,0
OMA,0
OMA,0
OMA,0
OMA,0
OMA,0
OMA,0
OMA,0
OMA,0
OMA,0
OMA,0
OMA,0
OMA,0
OMA,0
OMA,0
OMA,0
OMA,0
OMA,0
OMA,0
OMA,0
OMA,0
OMA,0
OMA,0
OMA,0
OMA,0
OMA,0
OMA,0
OMA,0
OMA,0
OMA,0
OMA,0
OMA,0
OMA,0
OMA,0
OMA,0
OMA,0
OMA,0
OMA,0
OMA,0
OMA,0
OMA,0
OMA,0
OMA,0
OMA,0
OMA,0
OMA,0
OMA,0
OMA,0
OMA,0
OMA,0
OMA,0
OMA,0
OMA,0
OMA,0
OMA,0
OMA,0
OMA,0
OMA,0
OMA,0
OMA,0
OMA,0
OMA,0
OMA,0
OMA,0
OMA,0
OMA,0
OMA,0
OMA,0
OMA,0
OMA,0
OMA,0
OMA,0
OMA,0
OMA,0
OMA,0
OMA,0
OMA,0
OMA,0
OMA,0
OMA,0
OMA,0
OMA,0
OMA,0
OMA,0
OMA,0
OMA,0
OMA,0
OMA,0
OMA,0
OMA,0
OMA,0
OMA,0
OMA,0
OMA,0
OMA,0
OMA,0
OMA,0
OMA,0
OMA,0
OMA,0
OMA,0
OMA,0
OMA,0
OMA,0
OMA,0
OMA,0
OMA,0
OMA,0
OMA,0
OMA,0
OMA,0
OMA,0
OMA,0
OMA,0
OMA,0
OMA,0
OMA,0
OMA,0
OMA,0
OMA,0
OMA,0
OMA,0
OMA,0
OMA,0
OMA,0
OMA,0
OMA,0
OMA,0
OMA,0
OMA,0
OMA,0
OMA,0
OMA,0
OMA,0
OMA,0
OMA,0
OMA,0
OMA,0
OMA,0
OMA,0
OMA,0
OMA,0
OMA,0
OMA,0
OMA,0
OMA,0
OMA,0
OMA,0
OMA,0
OMA,0
OMA,0
OMA,0
OMA,0
OMA,0
OMA,0
OMA,0
OMA,0
OMA,0
OMA,0
OMA,0
OMA,0
OMA,0
OMA,0
OMA,0
OMA,0
OMA,0
OMA,0
OMA,0
OMA,0
OMA,0
OMA,0
OMA,0
OMA,0
OMA,0
OMA,0
OMA,0
OMA,0
OMA,0
OMA,0
OMA,0
OMA,0
OMA,0
OMA,0
OMA,0
OMA,0
OMA,0
OMA,0
OMA,0
OMA,0
OMA,0
OMA,0
OMA,0
OMA,0
OMA,0
OMA,0
OMA,0
OMA,0
OMA,0
OMA,0
OMA,0
OMA,0
OMA,0
OMA,0
OMA,0
OMA,0
OMA,0
OMA,0
OMA,0
OMA,0
OMA,0
OMA,0
OMA,0
OMA,0
OMA,0
OMA,0
OMA,0
OMA,0
OMA,0
OMA,0
OMA,0
OMA,0
OMA,0
OMA,0
OMA,0
OMA,0
OMA,0
OMA,0
OMA,0
OMA,0
OMA,0
OMA,0
OMA,0
OMA,0
OMA,0
OMA,0
OMA,0
OMA,0
OMA,0
OMA,0
OMA,0
OMA,0
OMA,0
OMA,0
OMA,0
OMA,0
OMA,0
OMA,0
OMA,0
OMA,0
OMA,0
OMA,0
OMA,0
OMA,0
OMA,0
OMA,0
OMA,0
OMA,0
OMA,0
OMA,0
OMA,0
OMA,0
OMA,0
OMA,0
OMA,0
OMA,0
OMA,0
OMA,0
OMA,0
OMA,0
OMA,0
OMA,0
OMA,0
OMA,0
OMA,0
OMA,0
OMA,0
OMA,0
OMA,0
OMA,0
OMA,0
OMA,0
OMA,0
OMA,0
OMA,0
OMA,0
OMA,0
OMA,0
OMA,0
OMA,0
OMA,0
OMA,0
OMA,0
OMA,0
OMA,0
OMA,0
OMA,0
OMA,0
OMA,0
OMA,0
OMA,0
OMA,0
OMA,0
OMA,0
OMA,0
OMA,0
OMA,0
OMA,0
OMA,0
OMA,0
OMA,0
OMA,0
OMA,0
OMA,0
OMA,0
OMA,0
OMA,0
OMA,0
OMA,0
OMA,0
OMA,0
OMA,0
OMA,0
OMA,0
OMA,0
OMA,0
OMA,0
OMA,0
OMA,0
OMA,0
OMA,0
OMA,0
OMA,0
OMA,0
OMA,0
OMA,0
OMA,0
OMA,0
OMA,0
OMA,0
OMA,0
OMA,0
OMA,0
OMA,0
OMA,0
OMA,0
OMA,0
OMA,0
OMA,0
OMA,0
OMA,0
OMA,0
OMA,0
OMA,0
OMA,0
OMA,0
OMA,0
OMA,0
OMA,0
OMA,0
OMA,0
OMA,0
OMA,0
OMA,0
OMA,0
OMA,0
OMA,0
OMA,0
OMA,0
OMA,0
OMA,0
OMA,0
OMA,0
OMA,0
OMA,0
OMA,0
OMA,0
OMA,0
OMA,0
OMA,0
OMA,0
OMA,0
OMA,0
OMA,0
OMA,0
OMA,0
OMA,0
OMA,0
OMA,0
OMA,0
OMA,0
OMA,0
OMA,0
OMA,0
OMA,0
OMA,0
OMA,0
OMA,0
OMA,0
OMA,0
OMA,0
OMA,0
OMA,0
OMA,0
OMA,0
OMA,0
OMA,0
OMA,0
OMA,0
OMA,0
OMA,0
OMA,0
OMA,0
OMA,0
OMA,0
OMA,0
OMA,0
OMA,0
OMA,0
OMA,0
OMA,0
OMA,0
OMA,0
OMA,0
OMA,0
OMA,0
OMA,0
OMA,0
OMA,0
OMA,0
OMA,0
OMA,0
OMA,0
OMA,0
OMA,0
OMA,0
OMA,0
OMA,0
OMA,0
OMA,0
OMA,0
OMA,0
OMA,0
OMA,0
OMA,0
OMA,0
OMA,0
OMA,0
OMA,0
OMA,0
OMA,0
OMA,0
OMA,0
OMA,0
OMA,0
OMA,0
OMA,0
OMA,0
OMA,0
OMA,0
OMA,0
OMA,0
OMA,0
OMA,0
OMA,0
OMA,0
OMA,0
OMA,0
OMA,0
OMA,0
OMA,0
OMA,0
OMA,0
OMA,0
OMA,0
OMA,0
OMA,0
OMA,0
OMA,0
OMA,0
OMA,0
OMA,0
OMA,0
OMA,0
OMA,0
OMA,0
OMA,0
OMA,0
OMA,0
OMA,0
OMA,0
OMA,0
OMA,0
OMA,0
OMA,0
OMA,0
OMA,0
OMA,0
OMA,0
OMA,0
OMA,0
OMA,0
OMA,0
OMA,0
OMA,0
OMA,0
OMA,0
OMA,0
OMA,0
OMA,0
OMA,0
OMA,0
OMA,0
OMA,0
NOMA,1
NOMA,1
NOMA,1
NOMA,1
NOMA,1
NOMA,1
NOMA,1
NOMA,1
NOMA,1
NOMA,1
NOMA,1
NOMA,1
NOMA,1
NOMA,1
NOMA,1
NOMA,1
NOMA,1
NOMA,1
NOMA,1
NOMA,1
NOMA,1
NOMA,1
NOMA,1
NOMA,1
NOMA,1
NOMA,1
NOMA,1
NOMA,1
NOMA,1
NOMA,1
NOMA,1
NOMA,1
NOMA,1
NOMA,1
NOMA,1
NOMA,1
NOMA,1
NOMA,1
NOMA,1
NOMA,1
NOMA,1
NOMA,1
NOMA,1
NOMA,1
NOMA,1
NOMA,1
NOMA,1
NOMA,1
NOMA,1
NOMA,1
NOMA,1
NOMA,1
NOMA,1
NOMA,1
NOMA,1
NOMA,1
NOMA,1
NOMA,1
NOMA,1
NOMA,1
NOMA,1
NOMA,1
NOMA,1
NOMA,1
NOMA,1
NOMA,1
NOMA,1
NOMA,1
NOMA,1
NOMA,1
NOMA,1
NOMA,1
NOMA,1
NOMA,1
NOMA,1
NOMA,1
NOMA,1
NOMA,1
NOMA,1
NOMA,1
NOMA,1
NOMA,1
NOMA,1
NOMA,1
NOMA,1
NOMA,1
NOMA,1
NOMA,1
NOMA,1
NOMA,1
NOMA,1
NOMA,1
NOMA,1
NOMA,1
NOMA,1
NOMA,1
NOMA,1
NOMA,1
NOMA,1
NOMA,1
NOMA,1
NOMA,1
NOMA,1
NOMA,1
NOMA,1
NOMA,1
NOMA,1
NOMA,1
NOMA,1
NOMA,1
NOMA,1
NOMA,1
NOMA,1
NOMA,1
NOMA,1
NOMA,1
NOMA,1
NOMA,1
NOMA,1
NOMA,1
NOMA,1
NOMA,1
NOMA,1
NOMA,1
NOMA,1
NOMA,1
NOMA,1
NOMA,1
NOMA,1
NOMA,1
NOMA,1
NOMA,1
NOMA,1
NOMA,1
NOMA,1
NOMA,1
NOMA,1
NOMA,1
NOMA,1
NOMA,1
NOMA,1
NOMA,1
NOMA,1
NOMA,1
NOMA,1
NOMA,1
NOMA,1
NOMA,1
NOMA,1
NOMA,1
NOMA,1
NOMA,1
NOMA,1
NOMA,1
NOMA,1
NOMA,1
NOMA,1
NOMA,1
NOMA,1
NOMA,1
NOMA,1
NOMA,1
NOMA,1
NOMA,1
NOMA,1
NOMA,1
NOMA,1
NOMA,1
NOMA,1
NOMA,1
NOMA,1
NOMA,1
NOMA,1
NOMA,1
NOMA,1
NOMA,1
NOMA,1
NOMA,1
NOMA,1
NOMA,1
NOMA,1
NOMA,1
NOMA,1
NOMA,1
NOMA,1
NOMA,1
NOMA,1
NOMA,1
NOMA,1
NOMA,1
NOMA,1
NOMA,1
NOMA,1
NOMA,1
NOMA,1
NOMA,1
NOMA,1
NOMA,1
NOMA,1
NOMA,1
NOMA,1
NOMA,1
NOMA,1
NOMA,1
NOMA,1
NOMA,1
NOMA,1
NOMA,1
NOMA,1
NOMA,1
NOMA,1
NOMA,1
NOMA,1
NOMA,1
NOMA,1
NOMA,1
NOMA,1
NOMA,1
NOMA,1
NOMA,1
NOMA,1
NOMA,1
NOMA,1
NOMA,1
NOMA,1
NOMA,1
NOMA,1
NOMA,1
NOMA,1
NOMA,1
NOMA,1
NOMA,1
NOMA,1
NOMA,1
NOMA,1
NOMA,1
NOMA,1
NOMA,1
NOMA,1
NOMA,1
NOMA,1
NOMA,1
NOMA,1
NOMA,1
NOMA,1
NOMA,1
NOMA,1
NOMA,1
NOMA,1
NOMA,1
NOMA,1
NOMA,1
NOMA,1
NOMA,1
NOMA,1
NOMA,1
NOMA,1
NOMA,1
NOMA,1
NOMA,1
NOMA,1
NOMA,1
NOMA,1
NOMA,1
NOMA,1
NOMA,1
NOMA,1
NOMA,1
NOMA,1
NOMA,1
NOMA,1
NOMA,1
NOMA,1
NOMA,1
NOMA,1
NOMA,1
NOMA,1
NOMA,1
NOMA,1
NOMA,1
NOMA,1
NOMA,1
NOMA,1
NOMA,1
NOMA,1
NOMA,1
NOMA,1
NOMA,1
NOMA,1
NOMA,1
NOMA,1
NOMA,1
NOMA,1
NOMA,1
NOMA,1
NOMA,1
NOMA,1
NOMA,1
NOMA,1
NOMA,1
NOMA,1
NOMA,1
NOMA,1
NOMA,1
NOMA,1
NOMA,1
NOMA,1
NOMA,1
NOMA,1
NOMA,1
NOMA,1
NOMA,1
NOMA,1
NOMA,1
NOMA,1
NOMA,1
NOMA,1
NOMA,1
NOMA,1
NOMA,1
NOMA,1
NOMA,1
NOMA,1
NOMA,1
NOMA,1
NOMA,1
NOMA,1
NOMA,1
NOMA,1
NOMA,1
NOMA,1
NOMA,1
NOMA,1
NOMA,1
NOMA,1
NOMA,1
NOMA,1
NOMA,1
NOMA,1
NOMA,1
NOMA,1
NOMA,1
NOMA,1
NOMA,1
NOMA,1
NOMA,1
NOMA,1
NOMA,1
NOMA,1
NOMA,1
NOMA,1
NOMA,1
NOMA,1
NOMA,1
NOMA,1
NOMA,1
NOMA,1
NOMA,1
NOMA,1
NOMA,1
NOMA,1
NOMA,1
NOMA,1
NOMA,1
NOMA,1
NOMA,1
NOMA,1
NOMA,1
NOMA,1
NOMA,1
NOMA,1
NOMA,1
NOMA,1
NOMA,1
NOMA,1
NOMA,1
NOMA,1
NOMA,1
NOMA,1
NOMA,1
NOMA,1
NOMA,1
NOMA,1
NOMA,1
NOMA,1
NOMA,1
NOMA,1
NOMA,1
NOMA,1
NOMA,1
NOMA,1
NOMA,1
NOMA,1
NOMA,1
NOMA,1
NOMA,1
NOMA,1
NOMA,1
NOMA,1
NOMA,1
NOMA,1
NOMA,1
NOMA,1
NOMA,1
NOMA,1
NOMA,1
NOMA,1
NOMA,1
NOMA,1
NOMA,1
NOMA,1
NOMA,1
NOMA,1
NOMA,1
NOMA,1
NOMA,1
NOMA,1
NOMA,1
NOMA,1
NOMA,1
NOMA,1
NOMA,1
NOMA,1
NOMA,1
NOMA,1
NOMA,1
NOMA,1
NOMA,1
NOMA,1
NOMA,1
NOMA,1
NOMA,1
NOMA,1
NOMA,1
NOMA,1
NOMA,1
NOMA,1
NOMA,1
NOMA,1
NOMA,1
NOMA,1
NOMA,1
NOMA,1
NOMA,1
NOMA,1
NOMA,1
NOMA,1
NOMA,1
NOMA,1
NOMA,1
NOMA,1
NOMA,1
NOMA,1
NOMA,1
NOMA,1
NOMA,1
NOMA,1
NOMA,1
NOMA,1
NOMA,1
NOMA,1
NOMA,1
NOMA,1
NOMA,1
NOMA,1
NOMA,1
NOMA,1
NOMA,1
NOMA,1
NOMA,1
NOMA,1
NOMA,1
NOMA,1
NOMA,1
NOMA,1
NOMA,1
NOMA,1
NOMA,1
NOMA,1
NOMA,1
NOMA,1
NOMA,1
NOMA,1
NOMA,1
NOMA,1
NOMA,1
NOMA,1
NOMA,1
NOMA,1
NOMA,1
NOMA,1
NOMA,1
NOMA,1
NOMA,1
NOMA,1
NOMA,1
NOMA,1
NOMA,1
NOMA,1
NOMA,1
NOMA,1
NOMA,1
NOMA,1
NOMA,1
NOMA,1
NOMA,1
NOMA,1
NOMA,1
NOMA,1
NOMA,1
NOMA,1
NOMA,1
NOMA,1
NOMA,1
NOMA,1
NOMA,1
NOMA,1
NOMA,1
NOMA,1
NOMA,1
NOMA,1
NOMA,1
NOMA,1
NOMA,1
NOMA,1
NOMA,1
NOMA,1
NOMA,1
NOMA,1
NOMA,1
NOMA,1
NOMA,1
NOMA,1
NOMA,1
NOMA,1
NOMA,1
NOMA,1
NOMA,1
NOMA,1
NOMA,1
NOMA,1
NOMA,1
NOMA,1
NOMA,1
NOMA,1
NOMA,1
NOMA,1
NOMA,1
NOMA,1
NOMA,1
NOMA,1
NOMA,1
NOMA,1
NOMA,1
NOMA,1
NOMA,1
NOMA,1
NOMA,1
NOMA,1
NOMA,1
NOMA,1
NOMA,1
NOMA,1
NOMA,1
NOMA,1
NOMA,1
NOMA,1
NOMA,1
NOMA,1
NOMA,1
NOMA,1
NOMA,1
NOMA,1
NOMA,1
NOMA,1
NOMA,1
NOMA,1
NOMA,1
NOMA,1
NOMA,1
NOMA,1
NOMA,1
NOMA,1
NOMA,1
NOMA,1
NOMA,1
NOMA,1
NOMA,1
NOMA,1
NOMA,1
NOMA,1
NOMA,1
NOMA,1
NOMA,1
NOMA,1
NOMA,1
NOMA,1
NOMA,1
NOMA,1
NOMA,1
NOMA,1
NOMA,1
NOMA,1
NOMA,1
NOMA,1
NOMA,1
NOMA,1
NOMA,1
NOMA,1
NOMA,1
NOMA,1
NOMA,1
NOMA,1
NOMA,1
NOMA,1
NOMA,1
NOMA,1
NOMA,1
NOMA,1
NOMA,1
NOMA,1
NOMA,1
NOMA,1
NOMA,1
